"2026-05-20T14:19:23.233999Z","1d39c4de-ca44-45fa-b8ca-800f5db51471","VDC",3.303643183906436,"V"
"2026-05-20T14:19:23.496355Z","bf9109e8-af4d-4ed3-8efe-b685d695620a","VDC",3.305356545483831,"V"
"2026-05-20T14:19:23.758167Z","f81f7c8c-6ac0-4cdd-b83e-a744ba4b2267","VDC",3.307420413273359,"V"
"2026-05-20T14:19:24.023623Z","97f3ca12-aa4a-4a3e-9417-43a8577e8488","VDC",3.3097916296560057,"V"
"2026-05-20T14:19:24.292233Z","d763a280-761a-4a46-9044-d1bbfbe76dfd","VDC",3.3283919576182073,"V"
"2026-05-20T14:19:24.546681Z","94da3e5f-617a-45b2-a082-b7800b90dd3c","VDC",3.3066275069883555,"V"
"2026-05-20T14:19:24.808029Z","d07a0a1f-aaec-4050-b71c-6414114b3c26","VDC",3.2927370165984353,"V"
"2026-05-20T14:19:25.070188Z","01c53fcc-e100-49f7-ac41-e4cf85afae4c","VDC",3.28327416394593,"V"
"2026-05-20T14:19:25.331532Z","99651c7d-0ae9-4b16-b097-3d977785df5b","VDC",3.269671925397117,"V"
"2026-05-20T14:19:25.592970Z","ebde5e3b-1719-423c-afac-f84c28a9cf84","VDC",3.3142214781019645,"V"
"2026-05-20T14:19:25.853527Z","db261ace-e8ad-4784-840d-3b852307272d","VDC",3.2719520858663422,"V"
"2026-05-20T14:19:26.115413Z","6cd25a53-0f81-484f-811d-c996ba7b085a","VDC",3.2799873445402046,"V"
"2026-05-20T14:19:26.377175Z","e6873f5e-95e4-4a77-aae6-0da8535bb29f","VDC",3.32199344948226,"V"
"2026-05-20T14:19:26.638689Z","bb476b91-bd55-46ff-8640-21036e7008af","VDC",3.318902240897031,"V"
"2026-05-20T14:19:26.899421Z","f26e58ee-d093-498e-a643-f7b970ffe09c","VDC",3.3092440295639385,"V"
"2026-05-20T14:19:27.161100Z","2071ccbf-705f-4277-aaec-efbbc53680dd","VDC",3.2738910492168913,"V"
"2026-05-20T14:19:27.423273Z","5a707245-4715-479b-a410-173df410ec38","VDC",3.3125303165574715,"V"
"2026-05-20T14:19:27.684922Z","76f023a6-a9ff-4595-ae29-fd3634e62725","VDC",3.3091304529780867,"V"
"2026-05-20T14:19:27.945300Z","1f78aaa0-3c80-4f46-a186-67228bc71da5","VDC",3.290235262416433,"V"
"2026-05-20T14:19:28.206642Z","9996974c-1ecb-488d-81fa-32f6550f5cb8","VDC",3.332413136034652,"V"
"2026-05-20T14:19:28.467553Z","360b1339-5a49-4995-897b-ae6dbf1c9f1c","VDC",3.2685608887362907,"V"
"2026-05-20T14:19:28.729441Z","d6a0bcb7-e4d9-41da-9c87-e306dbcd02ff","VDC",3.3260763615988704,"V"
"2026-05-20T14:19:28.990658Z","5abaa1b9-c150-467c-94c9-11ff56d7dac4","VDC",3.32726949320608,"V"
"2026-05-20T14:19:29.252619Z","9768bf45-0627-4fa7-8089-698adb17ab4d","VDC",3.2939953650200304,"V"
"2026-05-20T14:19:29.513098Z","1f610c4a-7997-4c07-91af-dbdc92edd7fc","VDC",3.3059398805042983,"V"
"2026-05-20T14:19:29.775835Z","2314d2a2-8d00-4d3d-80cb-a86d376606cb","VDC",3.289605485123241,"V"
"2026-05-20T14:19:30.038381Z","3d7698a8-e8f8-47c4-8c51-d77a40b9f1ff","VDC",3.2746108672056913,"V"
"2026-05-20T14:19:30.307860Z","e38ff96c-2ac5-426b-bf86-00bd37f1a7ca","VDC",3.330865754277866,"V"
"2026-05-20T14:19:30.569731Z","238e4ea4-3ea0-40b4-9dd8-f62e34f51d12","VDC",3.286426535707082,"V"
"2026-05-20T14:19:30.831937Z","711f13bb-7e7b-4be1-aaf2-990cbab5bb5e","VDC",3.285702590380968,"V"
"2026-05-20T14:19:31.093348Z","d933d03c-14b7-4021-82ac-98f9b9a518e0","VDC",3.3292248073767214,"V"
"2026-05-20T14:19:31.357931Z","8d468374-dbc7-497d-bc57-478f9558739d","VDC",3.2694730800903553,"V"
"2026-05-20T14:19:31.627163Z","be146229-cbe3-4ff0-a0ff-6f4b7146fbbb","VDC",3.3008567851663577,"V"
"2026-05-20T14:19:31.890052Z","6e41e3de-82c0-4920-8ead-2e3c5ca1f496","VDC",3.2962566005486647,"V"
"2026-05-20T14:19:32.151971Z","3decae24-f9eb-4d4a-84fe-714946bdf420","VDC",3.3029982760717287,"V"
"2026-05-20T14:19:32.414519Z","c411528a-8c04-4cb2-b65d-13ea72d789e9","VDC",3.2966554136463824,"V"
"2026-05-20T14:19:32.676297Z","7e08d0ef-e1bd-42ec-9c34-60d2e2639b78","VDC",3.3317105480571683,"V"
"2026-05-20T14:19:32.939420Z","42092528-e440-43fd-80f5-bb96eee9a788","VDC",3.323007307396969,"V"
"2026-05-20T14:19:33.210685Z","d3e474ff-4174-4aee-8495-39119bd9f357","VDC",3.277471824222193,"V"
"2026-05-20T14:19:33.471798Z","93c3885c-ae6e-4235-a50f-15f4956bb094","VDC",3.2987645643417354,"V"
"2026-05-20T14:19:33.733664Z","02af27ed-c914-402e-97a6-b01ea112c181","VDC",3.281840874350834,"V"
"2026-05-20T14:19:33.994943Z","437158dc-0b16-4e80-aa01-33b03b1fa608","VDC",3.2775706043021025,"V"
"2026-05-20T14:19:34.256968Z","41b726b2-09af-4d0e-a5c9-4e0d62522f38","VDC",3.2922928954877473,"V"
"2026-05-20T14:19:34.519014Z","cba4ec94-5e3c-417c-a17c-45b50df1160f","VDC",3.321363507417819,"V"
"2026-05-20T14:19:34.780516Z","dc369473-346c-4a88-8ec9-fa1ae33f5bb8","VDC",3.2723180830464145,"V"
"2026-05-20T14:19:35.043245Z","cb8708c5-9a68-4bbe-b363-b091eb58df71","VDC",3.31764604789065,"V"
"2026-05-20T14:19:35.310800Z","e376e927-b43f-43d9-8d16-0f3843d77cc2","VDC",3.2945633086597965,"V"
"2026-05-20T14:19:35.577577Z","e32fa5da-1fb5-4617-a94b-75c19979069a","VDC",3.277800366482967,"V"
"2026-05-20T14:19:35.840469Z","71822689-5335-4f4a-90dc-c7834cd255b8","VDC",3.2954741059233483,"V"
"2026-05-20T14:19:36.102764Z","9dc35145-5d61-49b3-aa37-cdb1d884f066","VDC",3.3100120554151737,"V"
"2026-05-20T14:19:36.363807Z","632dea97-42b6-4289-ace3-7bf5cd07a146","VDC",3.2821772644269975,"V"
"2026-05-20T14:19:36.625868Z","01019892-4543-4659-9b75-cf58d1c1d90a","VDC",3.312107591866785,"V"
"2026-05-20T14:19:36.887407Z","5dcf3400-3a78-4e07-9387-f1d5d7e7f6c3","VDC",3.290724043940901,"V"
"2026-05-20T14:19:37.154439Z","64048e1b-0ee3-4771-8ed1-db9b54534dfb","VDC",3.2792477203753676,"V"
"2026-05-20T14:19:37.424581Z","fdb6a6c9-d709-41b0-b074-2d165d6ebd83","VDC",3.296365734445304,"V"
"2026-05-20T14:19:37.680908Z","3e16877f-2fdd-4f82-ad2c-8ca62e50ccd4","VDC",3.312822921029275,"V"
"2026-05-20T14:19:37.942888Z","00461577-1a3e-4fc6-8373-7f145bad307d","VDC",3.2938193244826013,"V"
"2026-05-20T14:19:38.204493Z","57b5c30a-03f3-4c9f-9946-b4c6aa5284b8","VDC",3.27562156366702,"V"
"2026-05-20T14:19:38.469893Z","30fa802c-cbd2-4840-8b9a-c7604ff4f96e","VDC",3.311345026685705,"V"
"2026-05-20T14:19:38.730853Z","e7c54611-cab5-4eaa-af14-ec6818efa491","VDC",3.3188661467359513,"V"
"2026-05-20T14:19:38.993133Z","f6d9e5a0-f66e-4beb-a9bb-c28139831b9e","VDC",3.294824245901405,"V"
"2026-05-20T14:19:39.255642Z","49af68ab-c248-486b-bea0-6067b8c160f8","VDC",3.2848332706279373,"V"
"2026-05-20T14:19:39.519224Z","33feb317-c858-4a49-8dc5-5e70a9869350","VDC",3.313109388690165,"V"
"2026-05-20T14:19:39.787347Z","d428080e-54bb-4730-a6dc-5aded35b4dea","VDC",3.2956132083533745,"V"
"2026-05-20T14:19:40.055169Z","fc8df1ac-aad9-40d3-b747-e7a6c82a090c","VDC",3.2679139949959026,"V"
"2026-05-20T14:19:40.324805Z","0d7baa15-f652-4119-b2e2-12f405582bd4","VDC",3.3236882912307,"V"
"2026-05-20T14:19:40.578855Z","9865988a-7036-4840-a31f-e7d7ebb74ae0","VDC",3.270200114075076,"V"
"2026-05-20T14:19:40.840653Z","8895df9d-1732-4aad-bac9-a0745cda0b0b","VDC",3.3287937497077826,"V"
"2026-05-20T14:19:41.103013Z","07fa4dc7-999e-49bb-81fc-2d7659c5925b","VDC",3.2681152809779226,"V"
"2026-05-20T14:19:41.370364Z","a5671910-8b7f-444c-951e-5c2a50f71c8b","VDC",3.3228245197141737,"V"
"2026-05-20T14:19:41.632538Z","8cb30800-a2fc-4068-83fd-bd51a39e8e4e","VDC",3.3188402540215938,"V"
"2026-05-20T14:19:41.893381Z","5290f306-c9b6-4674-a0eb-7cc235a8a3fe","VDC",3.314298392811435,"V"
"2026-05-20T14:19:42.155784Z","e2c2beb1-a57b-4897-925f-68f7b7c24eb4","VDC",3.286957192149663,"V"
"2026-05-20T14:19:42.417320Z","1171d9e7-4d92-45a5-be5e-e24db9b3b3ae","VDC",3.2682039072997675,"V"
"2026-05-20T14:19:42.684593Z","e879ecf1-6328-49db-a767-e780d8751222","VDC",3.295633074274952,"V"
"2026-05-20T14:19:42.946779Z","39b03cbc-aa7a-4189-b1f7-40829918f57b","VDC",3.2899149950137065,"V"
"2026-05-20T14:19:43.208989Z","aa4bf299-cd2c-4272-b0ca-ddef5b629d5c","VDC",3.3310636582017144,"V"
"2026-05-20T14:19:43.471356Z","cd335b18-6fc5-4b50-a79c-09078c34ad7a","VDC",3.307404669835286,"V"
"2026-05-20T14:19:43.734703Z","afad8acf-6366-487e-bc75-fb593b9f910f","VDC",3.2823472768390314,"V"
"2026-05-20T14:19:43.995970Z","767083f2-80ef-4c89-a34b-5120bbfe56c8","VDC",3.3089436959153895,"V"
"2026-05-20T14:19:44.257759Z","f95d51cc-ea34-4d07-931d-60fcb4d0c1d8","VDC",3.3324882665232356,"V"
"2026-05-20T14:19:44.519392Z","0af7448d-33b0-460b-8b28-a1e63e919758","VDC",3.2856233149216933,"V"
"2026-05-20T14:19:44.789760Z","63ab4bda-043e-413b-89eb-3dad7ed0300a","VDC",3.3274330246109227,"V"
"2026-05-20T14:19:45.058416Z","612a4d4b-c34c-424e-b2fb-7f73941a8d72","VDC",3.331149879372865,"V"
"2026-05-20T14:19:45.326517Z","01dc10fa-8168-4144-bae9-4e880d4efdf9","VDC",3.2693300802921264,"V"
"2026-05-20T14:19:45.587476Z","46a409f6-a8e8-41a8-a9b7-29f3269ff351","VDC",3.2731739312669346,"V"
"2026-05-20T14:19:45.849844Z","b344fab4-9b5d-4d7a-810e-1ba9b3b0a38e","VDC",3.325916751389867,"V"
"2026-05-20T14:19:46.111214Z","30be9cc6-e6bb-4c09-a16e-2bfddbe89011","VDC",3.3283117532459565,"V"
"2026-05-20T14:19:46.374043Z","ba8ea259-ce78-41c2-9f80-5b5c16403983","VDC",3.272417650510864,"V"
"2026-05-20T14:19:46.635488Z","8d23e9a1-35e5-446e-b494-2c0372fa5ed3","VDC",3.2973804151381763,"V"
"2026-05-20T14:19:46.898056Z","8084aa93-5845-480b-b474-8c8df41a4a38","VDC",3.3088414369355834,"V"
"2026-05-20T14:19:47.164681Z","5495581f-75d2-4ed5-9290-9a88986275b0","VDC",3.3323446522560536,"V"
"2026-05-20T14:19:47.426624Z","fd3cd014-489f-488e-9741-18fdc5b207f0","VDC",3.3190584586709595,"V"
"2026-05-20T14:19:47.688557Z","2bc5c768-c7af-4f29-874d-13238ae014aa","VDC",3.2839521107864975,"V"
"2026-05-20T14:19:47.948813Z","4e225ad4-ae49-4052-bcb8-0963944c66a2","VDC",3.2909657665879357,"V"
"2026-05-20T14:19:48.210546Z","03f0a7b2-6251-483f-abf1-ffa7f6f23b5a","VDC",3.326078679868772,"V"
"2026-05-20T14:19:48.472097Z","d5dd708e-8f07-41c2-a314-5249af0ce70c","VDC",3.3215078444351884,"V"
"2026-05-20T14:19:48.732105Z","644e4223-a540-4ecc-905f-081d14c5f4d8","VDC",3.330428931517928,"V"
"2026-05-20T14:19:48.994299Z","1cb15b52-1ff4-4a67-bc27-b988ceec71bd","VDC",3.307662547111041,"V"
"2026-05-20T14:19:49.256054Z","692971f5-e091-4f18-8d83-9e4e123ed61b","VDC",3.295561590427749,"V"
"2026-05-20T14:19:49.517823Z","5a703831-5b71-4916-9551-a1223c2e71e7","VDC",3.332366901002097,"V"
"2026-05-20T14:19:49.779289Z","735ca156-71ff-45df-8b79-7a066dc5e39e","VDC",3.2826455983304896,"V"
"2026-05-20T14:19:50.040769Z","585d64ac-a47e-4110-8646-60cdb2f35dc1","VDC",3.3157797416880443,"V"
"2026-05-20T14:19:50.302558Z","4d9cd8a6-0523-49cc-90bf-b3ad5b47ada8","VDC",3.2765928249446197,"V"
"2026-05-20T14:19:50.564129Z","61dcc9ad-226d-45c2-969e-b29da9ff5b8f","VDC",3.276775613745638,"V"
"2026-05-20T14:19:50.826799Z","913f1f56-0264-4a2b-9933-0f66dc65c1e9","VDC",3.32582910536128,"V"
"2026-05-20T14:19:51.088788Z","662cf891-63d9-4c26-9f64-0b8e45e592e5","VDC",3.2818597773828806,"V"
"2026-05-20T14:19:51.350001Z","00d312ff-60b8-4cb2-9fd3-2fe6cca2d3ea","VDC",3.3027698269411254,"V"
"2026-05-20T14:19:51.610921Z","be3393b1-5f1e-4deb-8990-2c52d1341bfe","VDC",3.274569556476534,"V"
"2026-05-20T14:19:51.873817Z","ea7505b0-2e0a-4803-a083-2838983e61f9","VDC",3.2863171613306372,"V"
"2026-05-20T14:19:52.141550Z","1423a2f9-6a5a-4d71-be6d-fc3d274a5be8","VDC",3.320698816577915,"V"
"2026-05-20T14:19:52.405477Z","2c44f8b8-0e18-40c4-af41-92619b3e40b0","VDC",3.314607920428342,"V"
"2026-05-20T14:19:52.673787Z","73a45d55-2870-42ce-b9ff-42ef2bcc8485","VDC",3.3000165226163083,"V"
"2026-05-20T14:19:52.939255Z","46c4fa2f-0d5c-471e-8913-c5475eb6d2c3","VDC",3.2729730700814605,"V"
"2026-05-20T14:19:53.200673Z","d963031c-48ef-4f6a-bb0b-fda088e27851","VDC",3.293553339417157,"V"
"2026-05-20T14:19:53.465106Z","4c0b4714-8ad7-4bc7-a05c-a4428c9be6e8","VDC",3.2948049160348423,"V"
"2026-05-20T14:19:53.735791Z","1228880b-99ca-4a9e-ba1b-f9e7cf39a7de","VDC",3.3077594169678224,"V"
"2026-05-20T14:19:53.991542Z","297a9e3e-e703-4c8f-8868-f414d82b6777","VDC",3.2824111579721045,"V"
"2026-05-20T14:19:54.253496Z","ff16fbfc-7b4e-49a0-b049-83d583664bd4","VDC",3.2744240073178688,"V"
"2026-05-20T14:19:54.517566Z","08bc1039-cee0-4382-9cdc-364ce0d2daff","VDC",3.28025163725346,"V"
"2026-05-20T14:19:54.783904Z","4d9454b1-5a18-436d-a058-a34591e0ad34","VDC",3.283447385626909,"V"
"2026-05-20T14:19:55.052052Z","b169640a-dbfa-44e5-b1e0-ffd24b39d0c6","VDC",3.312902796089076,"V"
"2026-05-20T14:19:55.314390Z","d9f139de-3f6c-4ae1-9b75-0af0062ee7c7","VDC",3.2802239677202056,"V"
"2026-05-20T14:19:55.574995Z","f0018cf3-f95f-421a-bc7f-072d4b68f710","VDC",3.277334276370754,"V"
"2026-05-20T14:19:55.836097Z","7f6af5dc-bce4-4c2a-9faa-2eeac92f2876","VDC",3.28375853302223,"V"
"2026-05-20T14:19:56.098136Z","6a31d860-5484-4316-bd1f-44f3f01b3608","VDC",3.310980786464243,"V"
"2026-05-20T14:19:56.363018Z","8f9c8e6f-d68e-4487-bda2-a68fd71a3f9c","VDC",3.31471632819601,"V"
"2026-05-20T14:19:56.624418Z","12ed6fde-aff8-47d9-94bb-66130000e26a","VDC",3.303715301706369,"V"
"2026-05-20T14:19:56.887566Z","11b4a797-c50b-4ffa-996b-06201a59a298","VDC",3.269450254811803,"V"
"2026-05-20T14:19:57.147889Z","886f804a-85c3-4186-b2ed-f5ac6c12dd61","VDC",3.313914570214913,"V"
"2026-05-20T14:19:57.410101Z","b8f8922e-615a-4916-a8f2-44c3c8f730fd","VDC",3.2988006041224103,"V"
"2026-05-20T14:19:57.676881Z","9fb2d06a-78f6-4729-b73a-df070693d722","VDC",3.29075044686343,"V"
"2026-05-20T14:19:57.942229Z","9ca073df-80a7-43de-9ceb-2cf5480b57b1","VDC",3.293456443166574,"V"
"2026-05-20T14:19:58.203233Z","fde67f1f-a26b-4b17-9152-8f48933ca989","VDC",3.2790731073479806,"V"
"2026-05-20T14:19:58.466561Z","4352449f-907f-49ac-963b-630b42ac9711","VDC",3.299022675547112,"V"
"2026-05-20T14:19:58.728078Z","e3575474-68dd-4190-8e8b-138befa22833","VDC",3.294929305803707,"V"
"2026-05-20T14:19:58.994606Z","917762c3-ae36-49b4-b98b-65c25b3a7a26","VDC",3.276105574654489,"V"
"2026-05-20T14:19:59.263441Z","ae743704-357a-483b-95fd-e857c3d58841","VDC",3.2912012179781205,"V"
"2026-05-20T14:19:59.529525Z","e3c84637-9ada-45f5-b1a6-ebaddf54dc1f","VDC",3.2841429715719306,"V"
"2026-05-20T14:19:59.792675Z","a64507cd-737b-446f-92b5-8194eddf0d56","VDC",3.3179431823163212,"V"
"2026-05-20T14:20:00.056488Z","733b9dc8-29a5-4f3a-8742-941971c55a0f","VDC",3.2839373797190876,"V"
"2026-05-20T14:20:00.317826Z","d2bc82ba-de14-492e-a3e2-e251eebd52c5","VDC",3.2708927004201835,"V"
"2026-05-20T14:20:00.580294Z","66574a15-4806-41da-9f04-a84c07a79d3e","VDC",3.28693475424179,"V"
"2026-05-20T14:20:00.841108Z","64ff5b8c-e11e-40d8-b974-519119861755","VDC",3.2910120892764123,"V"
"2026-05-20T14:20:01.101767Z","de82876e-909b-4609-a75f-2e158499e1c3","VDC",3.2805579813289607,"V"
"2026-05-20T14:20:01.363388Z","0e93e99a-dd0e-4867-b7ca-8b4eed987697","VDC",3.320661412153791,"V"
"2026-05-20T14:20:01.624819Z","0a9205e6-0eb6-4950-93e8-d7b2e32bba22","VDC",3.3070858290395555,"V"
"2026-05-20T14:20:01.888123Z","ef053686-b157-4644-bab4-a1a377162419","VDC",3.284548099445793,"V"
"2026-05-20T14:20:02.149134Z","eca61108-e4ca-48c5-945f-bcf334e916d9","VDC",3.3327512716086414,"V"
"2026-05-20T14:20:02.410545Z","7deca940-65e1-4adf-82bc-556365e0e131","VDC",3.300551796192863,"V"
"2026-05-20T14:20:02.672228Z","2354832e-c088-4149-a873-56dc039429dc","VDC",3.3169809787085565,"V"
"2026-05-20T14:20:02.933034Z","fb7d2a46-da9a-4949-b6bd-07a9155062e9","VDC",3.3073730641582375,"V"
"2026-05-20T14:20:03.194765Z","0342691f-45e8-4934-b080-9ef13c1f1d9c","VDC",3.3017559778984062,"V"
"2026-05-20T14:20:03.459230Z","d6a9488c-18dc-4f5e-9b6a-291687774964","VDC",3.2705713437556208,"V"
"2026-05-20T14:20:03.721391Z","c6d5e76c-19b9-4e92-a0a7-7a79b63a077e","VDC",3.2772641212291056,"V"
"2026-05-20T14:20:03.983201Z","758ececf-4906-4048-922c-6c8bd3dacadc","VDC",3.295040543398943,"V"
"2026-05-20T14:20:04.245065Z","f00893fa-35b3-4f2f-a4bb-8d0a8a79eb65","VDC",3.3107441531002744,"V"
"2026-05-20T14:20:04.508347Z","782240a0-2163-4fd2-8a41-a7e4e6eb82ad","VDC",3.273228034033781,"V"
"2026-05-20T14:20:04.775384Z","023cef35-f7dd-41e4-85a6-7c4000ff7933","VDC",3.306118735662836,"V"
"2026-05-20T14:20:05.045421Z","fb46e464-bd77-42c7-b2a0-6ff91d05532d","VDC",3.267262218585377,"V"
"2026-05-20T14:20:05.307567Z","ebcc305f-62c8-4529-895a-b7d23495668f","VDC",3.3325339151585505,"V"
"2026-05-20T14:20:05.569553Z","68b2368d-2d45-4967-bb4d-f5f895e0d6d4","VDC",3.304071188224106,"V"
"2026-05-20T14:20:05.831297Z","ed89daef-b5f0-4ec7-8a1b-be6b00abc5d4","VDC",3.318114696917689,"V"
"2026-05-20T14:20:06.092568Z","11885204-e025-4bb3-82c8-fe163b65339d","VDC",3.2929867417141634,"V"
"2026-05-20T14:20:06.353963Z","04d0daf1-98cd-4eaa-bb62-926e56d93f14","VDC",3.3049120195336887,"V"
"2026-05-20T14:20:06.620334Z","670f50f7-ee1d-4c59-8936-b4e583a51d64","VDC",3.2908175503602255,"V"
"2026-05-20T14:20:06.881947Z","ae2f1a08-c866-4266-9ff8-052a911ddc25","VDC",3.268280661110702,"V"
"2026-05-20T14:20:07.144279Z","c49ddecf-37cd-4686-987a-b15faba2c949","VDC",3.3195732705851784,"V"
"2026-05-20T14:20:07.405934Z","deb3aad3-7fe5-41de-85ac-c8b76d355040","VDC",3.286017016001045,"V"
"2026-05-20T14:20:07.667851Z","44118d75-2a38-43ee-972e-d0d1de75cd3c","VDC",3.3172489539482557,"V"
"2026-05-20T14:20:07.933519Z","65fe19dc-232e-4dc7-b108-862d5231e4e8","VDC",3.315808579047314,"V"
"2026-05-20T14:20:08.205385Z","eadb49db-e09b-4448-ba2a-f8911f192959","VDC",3.2881901655604167,"V"
"2026-05-20T14:20:08.471926Z","d4abc533-6b56-4b55-bec7-6b53c4aa66bb","VDC",3.3315176995142504,"V"
"2026-05-20T14:20:08.737762Z","ba83e978-e345-4003-9c88-3e197c09496d","VDC",3.323926401413624,"V"
"2026-05-20T14:20:09.009266Z","ca0fd6f1-47e8-4c34-9cc2-753a8b9bc293","VDC",3.3070339667669826,"V"
"2026-05-20T14:20:09.262360Z","7ba29847-2ddf-45c6-916a-55d0c0ec51a4","VDC",3.3009874225878724,"V"
"2026-05-20T14:20:09.523843Z","addbe10d-5a71-41dc-bcd1-d0da02a64f65","VDC",3.2688345298437276,"V"
"2026-05-20T14:20:09.786992Z","b333ca5a-81f8-4fdb-b6ed-e9c5057180c6","VDC",3.311564318306065,"V"
"2026-05-20T14:20:10.050899Z","d94d5840-4308-4162-83b8-d125debaba2b","VDC",3.3055913322199646,"V"
"2026-05-20T14:20:10.312760Z","f33b96e0-d2fa-43bd-9d09-b5799909f176","VDC",3.313497923237804,"V"
"2026-05-20T14:20:10.575017Z","f410e9fa-f4cd-4438-a457-b682bca52420","VDC",3.302290425211325,"V"
"2026-05-20T14:20:10.836086Z","9c75d256-31cc-41de-97da-715de9229d58","VDC",3.2961022779274916,"V"
"2026-05-20T14:20:11.097252Z","5735f9d2-f709-4d58-8c49-2fcab4863788","VDC",3.3056761440458677,"V"
"2026-05-20T14:20:11.358642Z","dc57f934-30f6-4b96-bff4-b3ba8f699cdf","VDC",3.3309499788170127,"V"
"2026-05-20T14:20:11.619943Z","fd9530ff-a2f7-4614-b656-7f58273c0205","VDC",3.2828471275024933,"V"
"2026-05-20T14:20:11.881989Z","ea93e65b-6eb5-41c8-b90e-93bf58ea9ede","VDC",3.2839684962698565,"V"
"2026-05-20T14:20:12.142731Z","021b7d10-cf15-4cbe-8758-c0d3accbaa7a","VDC",3.284163925230191,"V"
"2026-05-20T14:20:12.411176Z","18f26a6c-8dde-42da-b549-52978f95a048","VDC",3.297464108175377,"V"
"2026-05-20T14:20:12.666734Z","c9b369db-6c19-44ab-b5d2-41ea0f2df696","VDC",3.3326526964889887,"V"
"2026-05-20T14:20:12.932940Z","59a15ff6-e082-48c0-93d2-fc70e15576f8","VDC",3.328971235037051,"V"
"2026-05-20T14:20:13.194774Z","143c43fc-6172-41bd-a411-ce173d26eee7","VDC",3.2813390951509644,"V"
"2026-05-20T14:20:13.456961Z","bc66780c-f18a-4597-bf2e-1dcebed14412","VDC",3.323878890154595,"V"
"2026-05-20T14:20:13.717750Z","905d0a21-eb81-442f-b003-b474300bb41c","VDC",3.292824940011593,"V"
"2026-05-20T14:20:13.979439Z","7105401d-0c46-4d17-afe0-3a24fa4da404","VDC",3.314855167574879,"V"
"2026-05-20T14:20:14.241015Z","65a1c258-e217-49da-9b68-03bddd3d173f","VDC",3.3102392552595123,"V"
"2026-05-20T14:20:14.502108Z","17bb6718-3440-49ce-9bdd-59067dfb41f5","VDC",3.3018509361996777,"V"
"2026-05-20T14:20:14.764647Z","e13c4826-021f-45ab-9bc4-990d5b0dd2a6","VDC",3.273347375926482,"V"
"2026-05-20T14:20:15.036270Z","17cd6a5a-c1de-4d89-9069-5d98e6afa120","VDC",3.30983723433203,"V"
"2026-05-20T14:20:15.296027Z","29c16d9f-73bb-4d95-9763-8d97d570e296","VDC",3.278861766344899,"V"
"2026-05-20T14:20:15.561115Z","2d5d8641-6413-43d1-8f56-8efd0ff1376e","VDC",3.3157413289274884,"V"
"2026-05-20T14:20:15.822665Z","80612e2d-32ea-4a6c-ba8b-8714320b13a2","VDC",3.267734717544299,"V"
"2026-05-20T14:20:16.084669Z","649f8e80-0a3e-4529-a331-ab9c5eee566b","VDC",3.2833331043161267,"V"
"2026-05-20T14:20:16.347003Z","d02404bf-4090-4e80-96c5-df5b94356c84","VDC",3.277109337336028,"V"
"2026-05-20T14:20:16.611685Z","69c18347-d816-410b-894b-07b67148d3a2","VDC",3.274936830498496,"V"
"2026-05-20T14:20:16.877535Z","af999928-2436-425e-b8d3-d56e690d16ed","VDC",3.3062285068524377,"V"
"2026-05-20T14:20:17.145461Z","acceb356-2f7a-4960-a8b1-3b5b3c349103","VDC",3.3103045605520562,"V"
"2026-05-20T14:20:17.410038Z","450fe9c2-70e1-4484-bb5b-862768b9d3ba","VDC",3.2899508859852147,"V"
"2026-05-20T14:20:17.676919Z","09092f2b-02bd-41d3-b4f9-f38ff548b8c1","VDC",3.313404552822722,"V"
"2026-05-20T14:20:17.944348Z","632cb248-1903-4ef1-8d20-31df7a01446f","VDC",3.3241126587122003,"V"
"2026-05-20T14:20:18.212291Z","562ed984-d8c1-4b6f-a09c-76c6a452d6fa","VDC",3.2756588694351088,"V"
"2026-05-20T14:20:18.474125Z","e6860528-effb-4b7c-82b2-61da48507960","VDC",3.300403870049908,"V"
"2026-05-20T14:20:18.735899Z","66112efa-f58c-4edb-9272-5ca08c21171b","VDC",3.2797731107040353,"V"
"2026-05-20T14:20:18.997819Z","d55046bb-f72f-4acd-82dd-9d3f5f6c3cdd","VDC",3.3042371253392853,"V"
"2026-05-20T14:20:19.258988Z","d00159bc-e1c1-428b-94ab-85befa7f416b","VDC",3.329877040863092,"V"
"2026-05-20T14:20:19.520177Z","2d963ce7-c4cd-452f-af3c-0f6e8c6dd80b","VDC",3.269363266881988,"V"
"2026-05-20T14:20:19.781766Z","8a936154-90fe-490f-b0cb-c57e91ad1afb","VDC",3.319263598622353,"V"
"2026-05-20T14:20:20.043408Z","e84476ac-cff0-47b2-a534-a10197a00411","VDC",3.324018543474143,"V"
"2026-05-20T14:20:20.306765Z","21a398f5-2d30-45f5-a9c9-a889819d8e73","VDC",3.312561308503405,"V"
"2026-05-20T14:20:20.569374Z","8ead0a62-5d2e-4cb5-b1dd-beea8d744151","VDC",3.271290478298115,"V"
"2026-05-20T14:20:20.830821Z","d4835f96-0abf-430f-8b17-3ec2eff7623d","VDC",3.2928441603270695,"V"
"2026-05-20T14:20:21.091249Z","4f97488f-9f43-4e22-b282-a92b5bf5e252","VDC",3.2998711355935177,"V"
"2026-05-20T14:20:21.353131Z","5f062aa4-fe60-42cb-949c-4c9f9d4488eb","VDC",3.3029044544009913,"V"
"2026-05-20T14:20:21.614867Z","038565f6-1e68-4adf-b0a6-ba94850c44f4","VDC",3.2824639900696533,"V"
"2026-05-20T14:20:21.876733Z","d22125b8-8e34-477e-b222-042f632946dc","VDC",3.3159195861038615,"V"
"2026-05-20T14:20:22.140760Z","920a8f32-ccbd-4ed5-ada3-8c85b39bff88","VDC",3.3293062255064823,"V"
"2026-05-20T14:20:22.402357Z","4599219f-0047-4df4-b3d1-9ccf2f657d71","VDC",3.308823918631806,"V"
"2026-05-20T14:20:22.664652Z","916aced5-dd24-4bc2-87ea-1d0362ee563b","VDC",3.286136806486111,"V"
"2026-05-20T14:20:22.925549Z","f3804ffd-d5ae-4ab0-9690-05ec59a6200b","VDC",3.3218216468630564,"V"
"2026-05-20T14:20:23.187271Z","e48a08ae-7d0c-48ea-b65a-0f43ebd6ea2f","VDC",3.30146538327015,"V"
"2026-05-20T14:20:23.449204Z","da05cf88-1e55-4b5b-bdf9-d16a9753a606","VDC",3.2734713904159976,"V"
"2026-05-20T14:20:23.713004Z","4fe1d779-d882-43dc-a349-a32293db1f7d","VDC",3.3084881368906873,"V"
"2026-05-20T14:20:23.977533Z","8aa4a719-4951-46b0-84db-ffda64541546","VDC",3.273133046671075,"V"
"2026-05-20T14:20:24.238623Z","0b432c02-9b1b-442c-a1ed-8af9fd41111b","VDC",3.3187407587064173,"V"
"2026-05-20T14:20:24.505318Z","d0e32fbf-9e54-494c-88c8-178e815d153c","VDC",3.332893886435967,"V"
"2026-05-20T14:20:24.775144Z","08aef416-facd-49ed-89df-0eab52b02776","VDC",3.269175821630065,"V"
"2026-05-20T14:20:25.039971Z","60f221ac-bcfb-4958-98a8-99c82e3de6e4","VDC",3.3272915803074214,"V"
"2026-05-20T14:20:25.309166Z","af9f2025-37dd-4968-86af-0669e5293006","VDC",3.2670775048487357,"V"
"2026-05-20T14:20:25.578725Z","e02a554e-1f2a-4726-b361-afd137da4aa9","VDC",3.272439526213465,"V"
"2026-05-20T14:20:25.834654Z","167f6bef-e98a-4333-be4c-cce24fd6e168","VDC",3.2821945843938805,"V"
"2026-05-20T14:20:26.096562Z","09fdfa56-99a1-4c77-bb36-cf5deb71b8a8","VDC",3.3012772224634253,"V"
"2026-05-20T14:20:26.358431Z","bc40b9e4-4204-4868-a825-e336c64be456","VDC",3.3053208388757787,"V"
"2026-05-20T14:20:26.623487Z","f4993d52-d714-4f3a-8373-b73bcafcd5b9","VDC",3.3235179868004168,"V"
"2026-05-20T14:20:26.886551Z","5fec0005-1c77-4673-88b1-7573fac4a1c7","VDC",3.279819287057459,"V"
"2026-05-20T14:20:27.147045Z","2b6b5d67-8055-45a5-8c4d-019de098f2fe","VDC",3.293542578429588,"V"
"2026-05-20T14:20:27.408438Z","2f361a8a-fda9-4ef7-9c6f-7e4001556c81","VDC",3.3327165141406714,"V"
"2026-05-20T14:20:27.669436Z","26f11bd8-09ee-452e-9cac-3d0160dcc579","VDC",3.2740730268104086,"V"
"2026-05-20T14:20:27.930431Z","b4f41aea-7b56-47c9-9504-41dad4bbf535","VDC",3.286975742110153,"V"
"2026-05-20T14:20:28.194400Z","f88d04f0-82c6-4917-96ab-c31abb70c2d3","VDC",3.3001462991040142,"V"
"2026-05-20T14:20:28.462667Z","773097d3-1e55-466e-8db3-9e611aac6cc7","VDC",3.313911924842489,"V"
"2026-05-20T14:20:28.723796Z","e8a44f35-3ffe-4b9a-86cb-2684e4f7c1f9","VDC",3.2811052677370167,"V"
"2026-05-20T14:20:28.985136Z","65a0b30a-8178-41ee-92f0-71e64ab489e0","VDC",3.3160876078836585,"V"
"2026-05-20T14:20:29.247400Z","89e96db6-7ad0-4b57-ac4b-33604453791a","VDC",3.2729887458799936,"V"
"2026-05-20T14:20:29.511919Z","0d8b8a44-aa9a-410a-a4c1-31165d3fefc2","VDC",3.287812390118683,"V"
"2026-05-20T14:20:29.775572Z","c7dbc114-bc4e-4b5e-8ca3-a94f47d3edc0","VDC",3.281529316450516,"V"
"2026-05-20T14:20:30.038379Z","49cde208-064c-4c7d-bdf9-4b3d6575738f","VDC",3.290086709531544,"V"
"2026-05-20T14:20:30.304438Z","19a995c1-591d-46e4-bc67-4cbdcc43eb5c","VDC",3.3054568487623355,"V"
"2026-05-20T14:20:30.566008Z","de3e9bbc-4e31-4f89-9107-88ffcb8a22dd","VDC",3.3182456572321,"V"
"2026-05-20T14:20:30.827146Z","a7dd1f18-b78d-42ce-8b41-5d77321a6a20","VDC",3.2832704094107363,"V"
"2026-05-20T14:20:31.089121Z","84975cd6-a6f9-4544-b53a-ccaf21b92e88","VDC",3.274171911997352,"V"
"2026-05-20T14:20:31.350929Z","f11a4ebe-1b85-442e-8d82-f9919692909d","VDC",3.2694262041630466,"V"
"2026-05-20T14:20:31.611987Z","8effa650-8f7b-4563-9460-06b7cdaa7cfa","VDC",3.289156144639252,"V"
"2026-05-20T14:20:31.873689Z","e8a0664e-4d61-4bba-9af3-612d7097589c","VDC",3.313018965788738,"V"
"2026-05-20T14:20:32.135213Z","467128c4-fbf5-4546-a70a-47c6a23f65ac","VDC",3.2915570994096712,"V"
"2026-05-20T14:20:32.396116Z","2411b25d-1c76-4c6c-8627-0635256e3423","VDC",3.2845169319743746,"V"
"2026-05-20T14:20:32.657459Z","6737171f-b0e0-41bf-ba7d-2e2f2eb9d8a6","VDC",3.2734202830837265,"V"
"2026-05-20T14:20:32.920469Z","12b7f4a6-c278-4bed-81bc-62dbe62d1431","VDC",3.305626760285188,"V"
"2026-05-20T14:20:33.183677Z","39748161-80a7-4212-92f0-ab2d984f50b4","VDC",3.276111874682896,"V"
"2026-05-20T14:20:33.444279Z","bcaf07b4-f639-4e2c-9d6a-a4e8712c6c65","VDC",3.2727176627962917,"V"
"2026-05-20T14:20:33.707906Z","9e03741a-3c51-4fcd-8207-dd4b02b02ee7","VDC",3.2919646660722837,"V"
"2026-05-20T14:20:33.970383Z","c8f3476b-67df-4f73-a5d6-16278735ba26","VDC",3.3038946664558297,"V"
"2026-05-20T14:20:34.231706Z","465724f8-be0f-4ae7-948b-75321a3de4d0","VDC",3.2977765679672073,"V"
"2026-05-20T14:20:34.493364Z","427ffed8-81bc-414c-b4a9-18c8786697d9","VDC",3.326700501791222,"V"
"2026-05-20T14:20:34.755497Z","b97c39fd-69de-458b-bded-84d0412a1c09","VDC",3.2799798729707788,"V"
"2026-05-20T14:20:35.016800Z","997a1d78-6b50-44e7-b685-be51945f4cb9","VDC",3.3048294964633973,"V"
"2026-05-20T14:20:35.279155Z","f4dbc326-bfeb-4f93-b361-0230fb3ffed3","VDC",3.3202197446409736,"V"
"2026-05-20T14:20:35.539160Z","cf7203a1-08d6-4315-8d6b-18812fdd2324","VDC",3.3005401859522014,"V"
"2026-05-20T14:20:35.800505Z","1e3c6429-f097-421d-8aa4-a046ba1c40a6","VDC",3.30075001180195,"V"
"2026-05-20T14:20:36.062606Z","f4785458-25dd-4030-be9b-65c3f3c90476","VDC",3.33251326405202,"V"
"2026-05-20T14:20:36.324226Z","f8cab8e0-b8d8-4a27-bf79-86cea5f67f11","VDC",3.3112222320260214,"V"
"2026-05-20T14:20:36.585475Z","d66f0e54-11b4-4c4f-bca3-3197cb6a7066","VDC",3.329697417722435,"V"
"2026-05-20T14:20:36.848082Z","d5b1d0c8-7b04-43c6-9c3f-2f708fa082da","VDC",3.3025527697052213,"V"
"2026-05-20T14:20:37.109117Z","e45048f8-cc85-4d42-808e-5c171a1a5625","VDC",3.2732665568401775,"V"
"2026-05-20T14:20:37.377971Z","e8f7dc38-e2ad-41d6-82c2-0130de6a494b","VDC",3.324304839922303,"V"
"2026-05-20T14:20:37.633118Z","6b91a9c2-9ba5-4363-9892-62b0c6ac7919","VDC",3.3053623411666107,"V"
"2026-05-20T14:20:37.895178Z","93ba4045-7ea3-4052-b034-a3ceedb06b30","VDC",3.332877120196454,"V"
"2026-05-20T14:20:38.160620Z","520063ac-f579-46f0-b6da-94bcb7b9a052","VDC",3.2813756123674653,"V"
"2026-05-20T14:20:38.423798Z","5aaa2b62-2c19-4372-ac69-896312f53eea","VDC",3.326805815763962,"V"
"2026-05-20T14:20:38.686431Z","bb9358dc-2fca-49fe-ac93-a43ffeb49ccc","VDC",3.284719494056237,"V"
"2026-05-20T14:20:38.947218Z","305562cb-7518-4ef0-af95-80e52cfe4802","VDC",3.3324801346438124,"V"
"2026-05-20T14:20:39.208174Z","c10c8bb0-e042-49b4-bfe5-6b1af6ca6f52","VDC",3.2876166162985174,"V"
"2026-05-20T14:20:39.469412Z","0db5f832-f0e1-4284-829a-aa01bbc2bb24","VDC",3.3034525843642584,"V"
"2026-05-20T14:20:39.735607Z","2051e99e-5d06-4ee7-b5dc-f50d76ce8f8e","VDC",3.277732882526518,"V"
"2026-05-20T14:20:39.996732Z","04e71b26-43fb-42d0-a8da-9a7456040f44","VDC",3.2791266010121953,"V"
"2026-05-20T14:20:40.259139Z","999f3455-30a5-4652-979e-4fa2ad9ce9b7","VDC",3.298645297115961,"V"
"2026-05-20T14:20:40.520293Z","c31a1708-c553-4723-b64e-7bb86a87d3b9","VDC",3.2718133033151213,"V"
"2026-05-20T14:20:40.782418Z","74098d7c-16e8-4c2c-b28e-75863ba1d211","VDC",3.3074546343444475,"V"
"2026-05-20T14:20:41.043729Z","da2b09c5-bd1e-436e-a53e-818c551f0fb5","VDC",3.3037842228168355,"V"
"2026-05-20T14:20:41.305164Z","e9b461f0-b600-402a-955f-edac39cf7a8f","VDC",3.270844339201271,"V"
"2026-05-20T14:20:41.568147Z","dd0e5834-9713-42bd-9b5a-65c7233dd2c0","VDC",3.3195143845511916,"V"
"2026-05-20T14:20:41.830229Z","32397b88-2e79-46db-9b4e-86edbf7bc184","VDC",3.3262043688305494,"V"
"2026-05-20T14:20:42.091157Z","6388814e-c995-43b2-b2a0-8fa8a6071a06","VDC",3.268918978028109,"V"
"2026-05-20T14:20:42.352850Z","544880a3-141c-4880-9ce0-4204872a238e","VDC",3.290151087362028,"V"
"2026-05-20T14:20:42.614179Z","67f61a02-9f87-4861-b35b-a9ee2631ddb3","VDC",3.2927252789172563,"V"
"2026-05-20T14:20:42.875192Z","bb274eb8-3e48-4045-83e6-e066de49cfd6","VDC",3.3302665065085777,"V"
"2026-05-20T14:20:43.138042Z","a6487284-afba-405f-9f60-8f497b970b49","VDC",3.2987102756130118,"V"
"2026-05-20T14:20:43.399516Z","f8063620-5d6c-4f09-aae4-849c33d66af7","VDC",3.2935106093625213,"V"
"2026-05-20T14:20:43.661275Z","ad748894-b0c3-49a7-9809-2026e94ac424","VDC",3.3096556978764275,"V"
"2026-05-20T14:20:43.923172Z","22420c6f-b66d-4bad-b806-1d40b6e048dc","VDC",3.3180823102072634,"V"
"2026-05-20T14:20:44.185026Z","fadb5f26-5acb-4b20-8bef-7e9ca6d6aca9","VDC",3.293887790937227,"V"
"2026-05-20T14:20:44.446987Z","848459cb-292e-4688-b371-dde209c972a1","VDC",3.280674117803428,"V"
"2026-05-20T14:20:44.711888Z","da57eeb9-66d2-4418-bb64-5e0f2759e11a","VDC",3.3323508035067277,"V"
"2026-05-20T14:20:44.973715Z","9e439200-386d-4a30-aa28-f5b110e2fc24","VDC",3.3052493820780624,"V"
"2026-05-20T14:20:45.236365Z","062bd518-8506-4275-afe9-fb7429d0cc69","VDC",3.2994183634492606,"V"
"2026-05-20T14:20:45.497089Z","05750aed-5080-401c-b030-1af3e0649c32","VDC",3.307546694658649,"V"
"2026-05-20T14:20:45.758952Z","1dc0e786-ddd7-4008-a6c0-38921f261ecc","VDC",3.3166734064091923,"V"
"2026-05-20T14:20:46.020831Z","c02f24bb-6b6d-456d-b527-48a8a37871e2","VDC",3.316010174957517,"V"
"2026-05-20T14:20:46.283752Z","5bd615f4-f7de-4160-93cb-9112abfff8e6","VDC",3.295069882228198,"V"
"2026-05-20T14:20:46.545548Z","a62f1da4-520a-470b-902d-d211676b5ff0","VDC",3.30565612026179,"V"
"2026-05-20T14:20:46.811557Z","52d91ed2-49b1-4f59-8624-9f27ce9bf77e","VDC",3.2924040120185345,"V"
"2026-05-20T14:20:47.072944Z","9fb4c8de-acdc-4278-9bb1-2585b092b46c","VDC",3.2741459876957273,"V"
"2026-05-20T14:20:47.334707Z","6e7f99e5-e410-43f6-bca8-ba6b49549a62","VDC",3.307715420887112,"V"
"2026-05-20T14:20:47.595778Z","e86cfe46-5b8c-4e5e-8dcf-5f466b3458e5","VDC",3.324672673069592,"V"
"2026-05-20T14:20:47.857730Z","8a066ace-21f7-4adc-ae54-70b89517856b","VDC",3.3101236376806527,"V"
"2026-05-20T14:20:48.119544Z","268bd23f-e775-414e-98a6-811652c6438d","VDC",3.3275904518730934,"V"
"2026-05-20T14:20:48.381760Z","db71e807-6711-466f-b9af-ee1737bcffe6","VDC",3.3274759231830378,"V"
"2026-05-20T14:20:48.643656Z","04268b71-38a0-4c11-859d-d89e77c0f270","VDC",3.283411919626901,"V"
"2026-05-20T14:20:48.905641Z","98580db0-27b0-4825-bac4-548d914bf261","VDC",3.2856335617833294,"V"
"2026-05-20T14:20:49.166134Z","e9c6c04b-c34d-4900-ab76-2aad2958d056","VDC",3.305988192870538,"V"
"2026-05-20T14:20:49.427709Z","5dae7686-10f2-45d0-ae39-abaaeb62cd43","VDC",3.2922139631459455,"V"
"2026-05-20T14:20:49.689696Z","484c58e7-33e8-4aa2-89f1-758de5f25741","VDC",3.283177354835876,"V"
"2026-05-20T14:20:49.954688Z","710c592a-97a0-4e32-b6fc-9bf78e1340b0","VDC",3.311506689511266,"V"
"2026-05-20T14:20:50.220823Z","0fdb2e93-531f-422d-8739-8d197106ca8e","VDC",3.276071160239405,"V"
"2026-05-20T14:20:50.482872Z","6e898283-5fff-41e5-bed4-4791262c1be0","VDC",3.290588757670775,"V"
"2026-05-20T14:20:50.743495Z","fb0d8197-01c0-45e2-925b-01f26a0c7dae","VDC",3.3286471286139627,"V"
"2026-05-20T14:20:51.005806Z","c5758a32-de87-44ba-b75f-c07054a2573d","VDC",3.328266296092628,"V"
"2026-05-20T14:20:51.267035Z","83672d8e-da60-424e-996a-817d87416f41","VDC",3.2811025067783515,"V"
"2026-05-20T14:20:51.530141Z","c5e372c0-b7d1-4799-961c-792706764c15","VDC",3.3118092761230344,"V"
"2026-05-20T14:20:51.791270Z","7d22c788-2aba-4092-88cc-af9a234f1d95","VDC",3.2739456064695567,"V"
"2026-05-20T14:20:52.052676Z","feb7088c-1220-42ff-8b91-ea38281c3d37","VDC",3.3290401537709653,"V"
"2026-05-20T14:20:52.313206Z","54894267-aaec-4bc9-a53b-90798890b60b","VDC",3.3116387655750255,"V"
"2026-05-20T14:20:52.574521Z","f6ce7664-a634-434f-893c-db3d02f73c45","VDC",3.2839621528055467,"V"
"2026-05-20T14:20:52.836740Z","e00f250a-914f-4cd5-819f-e1943539788c","VDC",3.290506291829458,"V"
"2026-05-20T14:20:53.099009Z","dced617a-df54-4df1-9694-6a3737da34d2","VDC",3.277856623043749,"V"
"2026-05-20T14:20:53.364251Z","a07ef87c-e03c-4ab1-8d4d-6e0b9c0df7d4","VDC",3.2968549772693105,"V"
"2026-05-20T14:20:53.625648Z","f0032be5-7b25-4eb6-a205-e68e712cca67","VDC",3.294061588791318,"V"
"2026-05-20T14:20:53.887790Z","658c8bcb-5d38-46f7-ae34-42c66c5d72c3","VDC",3.289252698457913,"V"
"2026-05-20T14:20:54.149357Z","2697b49c-1e64-44d1-9b82-00798c157afd","VDC",3.2781214529702587,"V"
"2026-05-20T14:20:54.411874Z","c1878305-d66d-4991-8eb0-b6a8181fd406","VDC",3.2748196976718456,"V"
"2026-05-20T14:20:54.673651Z","5092abd1-a01d-4bfd-95e1-203512f8ea44","VDC",3.298919178168251,"V"
"2026-05-20T14:20:54.934815Z","f9689eab-0f33-4c04-a5a8-98ee43083ab1","VDC",3.323581516689029,"V"
"2026-05-20T14:20:55.196168Z","7461bcfb-a892-4dce-9b54-faf7a41c344e","VDC",3.3148383280732325,"V"
"2026-05-20T14:20:55.458165Z","e96891a2-93af-46c8-9bf7-718c296506d7","VDC",3.3114167711324867,"V"
"2026-05-20T14:20:55.719371Z","d2cce2b6-941e-48af-aa54-2c950a2078da","VDC",3.2994482650866206,"V"
"2026-05-20T14:20:55.981571Z","50a30118-93de-42ba-a378-c05dc3575089","VDC",3.315504706785358,"V"
"2026-05-20T14:20:56.242542Z","a54feb9b-dc85-4f04-8a5d-1accdc82eb6b","VDC",3.3201494964516356,"V"
"2026-05-20T14:20:56.503756Z","5110c779-b3ba-4691-8fed-2d7a8cc400b3","VDC",3.3315648864696397,"V"
"2026-05-20T14:20:56.766384Z","be52ec09-6ae1-41eb-9fd9-36405821307c","VDC",3.329409186690162,"V"
"2026-05-20T14:20:57.027975Z","54eaf7c2-d98b-48f4-831f-346aeffa6b9a","VDC",3.2710180115246863,"V"
"2026-05-20T14:20:57.289605Z","050e493b-bcd0-4c2c-82a1-36b7bf84c54e","VDC",3.2713946124812336,"V"
"2026-05-20T14:20:57.551254Z","f1a7660f-c761-46e1-8f0b-0e6e41e1d334","VDC",3.30385632692648,"V"
"2026-05-20T14:20:57.812959Z","af7b248b-fbaf-44e6-9bcb-73c6e8fb030f","VDC",3.328668486467018,"V"
"2026-05-20T14:20:58.074940Z","d6bfec78-a9cc-48e3-a4ab-2ffae13fcbf8","VDC",3.3038456576695263,"V"
"2026-05-20T14:20:58.336920Z","e6ff72d6-11e2-46d8-8a69-5cd2a0ca1392","VDC",3.292700105699903,"V"
"2026-05-20T14:20:58.604539Z","d91d576a-dcc6-4089-88fb-d20dce200d4c","VDC",3.3023598169962605,"V"
"2026-05-20T14:20:58.865771Z","6ad27034-3f53-4261-bbbb-50bfed4cab66","VDC",3.3132402737652167,"V"
"2026-05-20T14:20:59.126126Z","458de8e0-4120-4663-8903-cf86f03615ca","VDC",3.2911481940551517,"V"
"2026-05-20T14:20:59.387989Z","943ec188-925e-474d-8dbb-411d7b98fa3b","VDC",3.281736042812934,"V"
"2026-05-20T14:20:59.651746Z","aed2f2ed-7464-4e5d-b306-3028dc5b34be","VDC",3.3128237881053346,"V"
"2026-05-20T14:20:59.912742Z","8303d371-32ed-44dd-8c41-263c8b7fd128","VDC",3.3153321041413917,"V"
"2026-05-20T14:21:00.174971Z","6c051dee-8159-4ac7-b222-1b2b6989b092","VDC",3.317137103659674,"V"
"2026-05-20T14:21:00.436006Z","1aab3910-8aa4-4562-90b9-5865087f905d","VDC",3.3215040563834366,"V"
"2026-05-20T14:21:00.697907Z","a31cac7f-4508-44cb-ab1b-942c1ba4294f","VDC",3.326656578963275,"V"
"2026-05-20T14:21:00.960912Z","1087b739-f152-4674-b0cc-9d4f364e78e8","VDC",3.317934087970303,"V"
"2026-05-20T14:21:01.222996Z","f2fa354a-5b78-45cf-9156-621793108847","VDC",3.3196937237451025,"V"
"2026-05-20T14:21:01.484309Z","d4fa6a08-afd9-4eb6-a476-3dffc96da9fc","VDC",3.3312120146796356,"V"
"2026-05-20T14:21:01.746158Z","dd9ff704-f66f-4c30-8d8a-92db3687159c","VDC",3.331847409898715,"V"
"2026-05-20T14:21:02.007915Z","a69ecad1-12e0-486c-ac3b-12f504f2bcef","VDC",3.323569079644771,"V"
"2026-05-20T14:21:02.269356Z","9327da35-4afd-45bd-8092-4039cb5e6aed","VDC",3.3101234296080775,"V"
"2026-05-20T14:21:02.533199Z","bfd17b5b-31b5-4322-a979-81bed4823286","VDC",3.3187691763769416,"V"
"2026-05-20T14:21:02.795214Z","840f8159-25a3-4bc3-9c29-f272f74ed03b","VDC",3.2823377778950293,"V"
"2026-05-20T14:21:03.059114Z","e37f5d06-77a3-446b-b834-128a923bd616","VDC",3.2733856987095153,"V"
"2026-05-20T14:21:03.320084Z","98eaa415-cef4-43f6-874e-db2ff8f2662b","VDC",3.2817246665442243,"V"
"2026-05-20T14:21:03.583097Z","85f86358-937f-4ba9-93ca-2e27250132dd","VDC",3.2994821346334993,"V"
"2026-05-20T14:21:03.843726Z","0e4a3a34-7e7d-488e-83f6-38bde73a99ba","VDC",3.3196022239635736,"V"
"2026-05-20T14:21:04.109591Z","29fd52c2-a2ab-4d09-8672-9d9ed987c62c","VDC",3.314891908048577,"V"
"2026-05-20T14:21:04.373493Z","56a245a0-9778-40a0-8526-1723a7045787","VDC",3.3270563290129553,"V"
"2026-05-20T14:21:04.635299Z","bed6cf9a-90ee-4d95-8467-f4edbc99158a","VDC",3.276637888700904,"V"
"2026-05-20T14:21:04.897212Z","a2a256dd-d339-4ea9-9677-5ae87dec57d9","VDC",3.298262478584267,"V"
"2026-05-20T14:21:05.158857Z","041cc330-f4ec-4197-9fed-c1cef1109902","VDC",3.297392188754464,"V"
"2026-05-20T14:21:05.427429Z","919d905d-6cf4-468a-8028-b9c682103001","VDC",3.321536125356999,"V"
"2026-05-20T14:21:05.688955Z","ccd36104-0618-4c8c-a122-d9bf6aa7f048","VDC",3.3250293043739987,"V"
"2026-05-20T14:21:05.958650Z","2a752c99-60be-4d2c-89a3-2a45d6fb19d9","VDC",3.3153735688184254,"V"
"2026-05-20T14:21:06.223795Z","d1bcb93c-e78d-4b51-b8b4-5107bd12b41b","VDC",3.297922067818019,"V"
"2026-05-20T14:21:06.484608Z","a81f9e4f-e41a-49de-9da4-9fb57debdebc","VDC",3.286733834415233,"V"
"2026-05-20T14:21:06.746898Z","ef72e3e8-d34b-481c-abd3-49da2f2fdc98","VDC",3.3245563632821025,"V"
"2026-05-20T14:21:07.014006Z","dd95a6f7-a78d-4af9-bfe4-b05bd8a59822","VDC",3.274581585645125,"V"
"2026-05-20T14:21:07.274549Z","7d70bc5d-1d53-474e-a34f-07ade8b67b1f","VDC",3.3139269665032365,"V"
"2026-05-20T14:21:07.535737Z","e0e31717-8a48-4144-84cd-24bd605a0d84","VDC",3.3065092949933335,"V"
"2026-05-20T14:21:07.799516Z","14b38d22-786c-4d8a-96d8-4ddd3f3e0de6","VDC",3.2926159453571944,"V"
"2026-05-20T14:21:08.064645Z","52b1cabd-80d8-4af3-a210-3fa60343e689","VDC",3.2935512656027566,"V"
"2026-05-20T14:21:08.328340Z","281b2115-6175-4746-8960-e0a024ee6bcc","VDC",3.3123424329313735,"V"
"2026-05-20T14:21:08.591839Z","ab3335f0-bd4c-4699-bdf4-c81ac4879aac","VDC",3.305005677338792,"V"
"2026-05-20T14:21:08.853394Z","2daf88fe-4dc9-4a32-9920-83f1413272e1","VDC",3.3124968330175193,"V"
"2026-05-20T14:21:09.115233Z","93ed115e-03e6-47e3-9505-4e3688b132f6","VDC",3.306297271359511,"V"
"2026-05-20T14:21:09.377329Z","c26d9d39-a78e-4816-82b1-31c05326147a","VDC",3.285989447803967,"V"
"2026-05-20T14:21:09.638749Z","47f829a7-653d-490c-a942-7dd9017d27c0","VDC",3.32280082335339,"V"
"2026-05-20T14:21:09.899509Z","e54d3e35-d7eb-4d82-8065-719f3654a0f8","VDC",3.2885737126225942,"V"
"2026-05-20T14:21:10.160556Z","536108b3-3676-49fd-99bb-22f91c232744","VDC",3.326353871339849,"V"
"2026-05-20T14:21:10.422488Z","2b75da4b-fb02-4312-a452-d96eb4e206fb","VDC",3.2751839602193447,"V"
"2026-05-20T14:21:10.683830Z","3d166753-adcf-4bae-a8ec-bfb0a826e010","VDC",3.3321666124663505,"V"
"2026-05-20T14:21:10.945269Z","543d4c78-3e68-40e6-831a-f4eca1c68b8d","VDC",3.2807917669098625,"V"
"2026-05-20T14:21:11.207252Z","f38a571b-0de1-4d79-8451-34ab40d5d06a","VDC",3.286578958990411,"V"
"2026-05-20T14:21:11.468383Z","c770484c-62b8-4bff-b61b-1a797166b0d1","VDC",3.3046256178801707,"V"
"2026-05-20T14:21:11.729966Z","0a2b464b-d0de-4478-9821-3d5101384cf2","VDC",3.2981571521620956,"V"
"2026-05-20T14:21:11.991323Z","3d750204-226a-4435-9434-c58eef6f82c8","VDC",3.3223191178196823,"V"
"2026-05-20T14:21:12.257637Z","e67ed842-9a17-4cde-a11f-91186a0956e1","VDC",3.305567205414841,"V"
"2026-05-20T14:21:12.518554Z","f1ab7eb7-5f58-434d-b487-e7230ed46fc3","VDC",3.3217966314711473,"V"
"2026-05-20T14:21:12.779703Z","95f51a2f-d3dc-4ef3-9fac-b1ce954ba7fb","VDC",3.3102342003204988,"V"
"2026-05-20T14:21:13.042307Z","776336f9-cc2b-467b-94e1-619611a2d552","VDC",3.3026641860869295,"V"
"2026-05-20T14:21:13.304193Z","ed6aea6f-d984-46f4-a256-b31a7e2dbacb","VDC",3.3157180458902142,"V"
"2026-05-20T14:21:13.568853Z","b4734210-d0b3-45bc-a69e-ded184489ed2","VDC",3.2742837707569934,"V"
"2026-05-20T14:21:13.838548Z","f74a453e-96e6-4e5e-b5c0-cc6fa0c1a89d","VDC",3.2706899507789644,"V"
"2026-05-20T14:21:14.103560Z","873dcfd8-d36a-4f13-8b9b-8af84ba7afac","VDC",3.2674689883207,"V"
"2026-05-20T14:21:14.365746Z","c2030bff-68d9-4cd6-9fa7-6f20d3ce0831","VDC",3.3069551052039614,"V"
"2026-05-20T14:21:14.627825Z","1e75452b-7e4e-45b5-a9c2-3c54302eade6","VDC",3.2779254935643998,"V"
"2026-05-20T14:21:14.888891Z","ed694d63-d414-4c22-badc-96d7bbc2cfff","VDC",3.278980963052116,"V"
"2026-05-20T14:21:15.152222Z","a4288ade-54ea-4692-b5b1-23152845bec2","VDC",3.3182148806941916,"V"
"2026-05-20T14:21:15.417917Z","dce64f47-e3f7-4a4f-a7cf-3e385a761772","VDC",3.3080729372804747,"V"
"2026-05-20T14:21:15.684236Z","58ec1675-b650-4b7e-8128-344d1b5d4b61","VDC",3.2931253041848363,"V"
"2026-05-20T14:21:15.942414Z","aa0aba27-89df-44eb-8e4f-56483ecaec17","VDC",3.3236008724823063,"V"
"2026-05-20T14:21:16.204221Z","5c6b9c55-8ade-4042-b4ef-809274716f16","VDC",3.291148569098772,"V"
"2026-05-20T14:21:16.465675Z","f053bee9-0df6-44cb-925d-53ddb451d46c","VDC",3.2973866366987448,"V"
"2026-05-20T14:21:16.734692Z","620c90f5-4d5a-4b97-b411-1808480764d2","VDC",3.2986424568482473,"V"
"2026-05-20T14:21:16.997354Z","46ba9d8a-7957-47f4-9e53-798d5c1f2022","VDC",3.3266110231008224,"V"
"2026-05-20T14:21:17.259603Z","f8249cbb-9463-4012-a642-84be62e52078","VDC",3.2980592507102227,"V"
"2026-05-20T14:21:17.521764Z","268d4c30-0297-48f1-a255-ec49dbc63e86","VDC",3.3110147878156932,"V"
"2026-05-20T14:21:17.788214Z","395843c0-1138-41f1-906f-bab42351759b","VDC",3.315167205583698,"V"
"2026-05-20T14:21:18.055879Z","031c2ee8-0889-4bf2-9b7a-497f230ae706","VDC",3.3106382197911937,"V"
"2026-05-20T14:21:18.325283Z","3f963ab6-2074-4e68-be8c-511b99d51db6","VDC",3.2717399632497792,"V"
"2026-05-20T14:21:18.594644Z","f3023b4c-5a31-411d-8fde-3ea97a253cc0","VDC",3.2893770826042785,"V"
"2026-05-20T14:21:18.863826Z","ed1da64e-3683-4dde-aadc-285dcb5b3b78","VDC",3.326499569860304,"V"
"2026-05-20T14:21:19.131687Z","f2675c7c-dcca-473d-9ff7-2199c43e17b9","VDC",3.330002303324983,"V"
"2026-05-20T14:21:19.399373Z","84073fee-5e15-4689-9882-7c059803c4b5","VDC",3.287466201467335,"V"
"2026-05-20T14:21:19.666878Z","69775ce1-49e5-4250-8c8e-31017aea6dff","VDC",3.2954218074397406,"V"
"2026-05-20T14:21:19.928552Z","18fd9712-b86e-4ad7-a054-b6abefeaf5eb","VDC",3.2934528422246,"V"
"2026-05-20T14:21:20.190762Z","bf3b2bd6-4608-42ee-9d5f-53328a2d7b2f","VDC",3.2859875678361274,"V"
"2026-05-20T14:21:20.452213Z","8ec9a292-bddd-4278-807f-a8a6f126ce19","VDC",3.3167899399715086,"V"
"2026-05-20T14:21:20.714474Z","f1f4f8b6-6715-4a60-9ad2-04a548f5cc68","VDC",3.3033538881035547,"V"
"2026-05-20T14:21:20.976462Z","efc6b2ad-24d8-4ae4-873b-92f28ec4b79d","VDC",3.3302051376736337,"V"
"2026-05-20T14:21:21.239671Z","05bbd781-2dd0-4ab1-9c72-a18f5412646e","VDC",3.311670343119039,"V"
"2026-05-20T14:21:21.500724Z","f1b0be1a-af1b-4f2f-b556-524ba4458f08","VDC",3.2871870263980636,"V"
"2026-05-20T14:21:21.761373Z","99929f45-9bca-470f-8673-e32daf19bb78","VDC",3.2766448200667257,"V"
"2026-05-20T14:21:22.024076Z","b99424c6-3051-47c0-9dd9-87e43006490b","VDC",3.272285921240409,"V"
"2026-05-20T14:21:22.286463Z","ac022ab1-8215-4184-82ba-73ba8ea20ef7","VDC",3.286657185868801,"V"
"2026-05-20T14:21:22.548718Z","bfabfb57-2102-4cb9-925e-9137659d087e","VDC",3.270181739400775,"V"
"2026-05-20T14:21:22.812017Z","ce1906d6-30d5-44bb-b3f5-71ad0dbf69eb","VDC",3.2702735474102442,"V"
"2026-05-20T14:21:23.080478Z","9f5a55e1-99eb-4a8d-ae59-1cc692f79ac9","VDC",3.2978163515889873,"V"
"2026-05-20T14:21:23.349742Z","aab05f09-3304-48a2-959c-65e930d7e83b","VDC",3.3124541909151866,"V"
"2026-05-20T14:21:23.612042Z","0d5f0042-8506-4d7f-8db2-0cc8dee86510","VDC",3.322874159941537,"V"
"2026-05-20T14:21:23.874028Z","1ebaea40-afda-4893-98df-f4d2748fb72c","VDC",3.28472538533494,"V"
